,,
,,
,,
,,
,,
,,
,,
,,
,,
,,
,,
,,
Cuenca,27/02/2022,54
Albacete,22/10/2022,54
Leon,09/08/2022,52
Cuenca,27/02/2022,54
Albacete,22/10/2022,54
Leon,09/08/2022,52
Cuenca,27/02/2022,54
Albacete,22/10/2022,54
Leon,09/08/2022,52
Cuenca,27/02/2022,54
Albacete,22/10/2022,54
Leon,09/08/2022,52
Cuenca,27/02/2022,54
Albacete,22/10/2022,54
Leon,09/08/2022,52
Cuenca,27/02/2022,54
Albacete,22/10/2022,54
Leon,09/08/2022,52
Cuenca,27/02/2022,54
Albacete,22/10/2022,54
Leon,09/08/2022,52
Cuenca,27/02/2022,54
Albacete,22/10/2022,54
Leon,09/08/2022,52
Cuenca,27/02/2022,54
Albacete,22/10/2022,54
Leon,09/08/2022,52
Cuenca,27/02/2022,54
Albacete,22/10/2022,54
Leon,09/08/2022,52
Cuenca,27/02/2022,54
Albacete,22/10/2022,54
Leon,09/08/2022,52
